protocol_id,platform,tool_version,top,width,implementation,architecture,evidence_class,status,support_status,nand2_static,dff_static,state_bits,input_bits,output_bits,port_bits,wire_bits,connections_static,max_fanout,cross_lane_connections,unit_nand_critical_depth,combinational_loop_status,netlist_sha256,warning_count,notes
PAH-BUILD002-CONF0001,windows-x64,"Yosys 0.68+120 (git sha1 a34d3baae-dirty, Release, GNU [REDACTED_PATH] 15.2.1)",pa_bin_add_w4,4,BIN-FU,BINARY_POSITIONAL,STRUCTURAL_DECLARED,PASS,SYNTHESIZED_AND_VALIDATED,55,0,0,8,5,13,63,115,11,0,15,ACYCLIC,2af865ba02626938c902814c7789e0a6867822ed1b5e405f516862695e126904,0,Warning count was parsed from the corresponding synthesis log.
PAH-BUILD002-CONF0001,windows-x64,"Yosys 0.68+120 (git sha1 a34d3baae-dirty, Release, GNU [REDACTED_PATH] 15.2.1)",pa_bin_add_w4,4,BIN-FU,BINARY_POSITIONAL,STRUCTURAL_OPTIMIZED,PASS,SYNTHESIZED_AND_VALIDATED,42,0,0,8,5,13,53,89,4,0,12,ACYCLIC,a209b829179d4f2a16eac61346a16997b2a739b4a0aa81b9b89233ea430e973c,1,Warning count was parsed from the corresponding synthesis log.
PAH-BUILD002-CONF0001,windows-x64,"Yosys 0.68+120 (git sha1 a34d3baae-dirty, Release, GNU [REDACTED_PATH] 15.2.1)",pa_bin_compare_w4,4,BIN-FU,BINARY_POSITIONAL,STRUCTURAL_DECLARED,PASS,SYNTHESIZED_AND_VALIDATED,82,0,0,8,2,10,90,166,11,0,15,ACYCLIC,6973ab103ad148f8e8ec5fe258247441a3818b7a6c7436feeaf533d2326ddcdf,0,Warning count was parsed from the corresponding synthesis log.
PAH-BUILD002-CONF0001,windows-x64,"Yosys 0.68+120 (git sha1 a34d3baae-dirty, Release, GNU [REDACTED_PATH] 15.2.1)",pa_bin_compare_w4,4,BIN-FU,BINARY_POSITIONAL,STRUCTURAL_OPTIMIZED,PASS,SYNTHESIZED_AND_VALIDATED,36,0,0,8,2,10,51,74,3,0,10,ACYCLIC,39b1c5346d1ad83b5fdfb9bf26c293e47b2c5f24235db39638540db8ea923e2a,1,Warning count was parsed from the corresponding synthesis log.
PAH-BUILD002-CONF0001,windows-x64,"Yosys 0.68+120 (git sha1 a34d3baae-dirty, Release, GNU [REDACTED_PATH] 15.2.1)",pa_bin_counter_w4,4,BIN-FU,BINARY_POSITIONAL,STRUCTURAL_DECLARED,PASS,SYNTHESIZED_AND_VALIDATED,36,4,4,3,5,8,43,93,8,0,12,ACYCLIC,bc333fa6dfe4b73497cadcd3a936838d62abf1001ad612ad7c65ed808ad59e03,0,Warning count was parsed from the corresponding synthesis log.
PAH-BUILD002-CONF0001,windows-x64,"Yosys 0.68+120 (git sha1 a34d3baae-dirty, Release, GNU [REDACTED_PATH] 15.2.1)",pa_bin_counter_w4,4,BIN-FU,BINARY_POSITIONAL,STRUCTURAL_OPTIMIZED,PASS,SYNTHESIZED_AND_VALIDATED,37,4,4,3,5,8,46,87,5,0,8,ACYCLIC,8be39dcde5ee75b828287ecb70e5c24cf9ca9c41885a36c6cef1d35b3cc48c06,1,Warning count was parsed from the corresponding synthesis log.
PAH-BUILD002-CONF0001,windows-x64,"Yosys 0.68+120 (git sha1 a34d3baae-dirty, Release, GNU [REDACTED_PATH] 15.2.1)",pa_bin_fu_registered_w4,4,BIN-FU,BINARY_POSITIONAL,STRUCTURAL_DECLARED,PASS,SYNTHESIZED_AND_VALIDATED,617,22,22,14,12,26,653,1334,81,0,44,ACYCLIC,8b47cf108e2653dd98c4a6c7d99ef54f2f6ac8eba4706c6fdd9802191e10c9be,0,Warning count was parsed from the corresponding synthesis log.
PAH-BUILD002-CONF0001,windows-x64,"Yosys 0.68+120 (git sha1 a34d3baae-dirty, Release, GNU [REDACTED_PATH] 15.2.1)",pa_bin_fu_registered_w4,4,BIN-FU,BINARY_POSITIONAL,STRUCTURAL_OPTIMIZED,PASS,SYNTHESIZED_AND_VALIDATED,358,22,22,14,12,26,508,772,22,0,35,ACYCLIC,b1cfd678c9fa50d7747f43b459ad45627a48e0bb996f3c998099a16998a3fdcc,1,Warning count was parsed from the corresponding synthesis log.
PAH-BUILD002-CONF0001,windows-x64,"Yosys 0.68+120 (git sha1 a34d3baae-dirty, Release, GNU [REDACTED_PATH] 15.2.1)",pa_bin_fu_w4,4,BIN-FU,BINARY_POSITIONAL,STRUCTURAL_DECLARED,PASS,SYNTHESIZED_AND_VALIDATED,617,0,0,10,12,22,627,1246,81,0,44,ACYCLIC,542da6f0474e13524fa89cafd9f7cfe5fa9c81a2c90460e5d579d46730927afc,0,Warning count was parsed from the corresponding synthesis log.
PAH-BUILD002-CONF0001,windows-x64,"Yosys 0.68+120 (git sha1 a34d3baae-dirty, Release, GNU [REDACTED_PATH] 15.2.1)",pa_bin_fu_w4,4,BIN-FU,BINARY_POSITIONAL,STRUCTURAL_OPTIMIZED,PASS,SYNTHESIZED_AND_VALIDATED,234,0,0,10,12,22,359,480,10,0,32,ACYCLIC,4950e4f196f307da799d28acf820937d83f13cfb5074ca731bfed5d9fe6fa401,1,Warning count was parsed from the corresponding synthesis log.
PAH-BUILD002-CONF0001,windows-x64,"Yosys 0.68+120 (git sha1 a34d3baae-dirty, Release, GNU [REDACTED_PATH] 15.2.1)",pa_bin_mul_w4,4,BIN-FU,BINARY_POSITIONAL,STRUCTURAL_DECLARED,PASS,SYNTHESIZED_AND_VALIDATED,320,0,0,8,8,16,328,648,56,0,40,ACYCLIC,6614c000bec5208d4875b5da9e0c17358da3d91a7e05d301587470fb26c8098d,0,Warning count was parsed from the corresponding synthesis log.
PAH-BUILD002-CONF0001,windows-x64,"Yosys 0.68+120 (git sha1 a34d3baae-dirty, Release, GNU [REDACTED_PATH] 15.2.1)",pa_bin_mul_w4,4,BIN-FU,BINARY_POSITIONAL,STRUCTURAL_OPTIMIZED,PASS,SYNTHESIZED_AND_VALIDATED,127,0,0,8,8,16,203,262,5,0,31,ACYCLIC,683e171ada0941e5db6951993cc132c44fa83cc9b29b121ae389ee813fdd387f,1,Warning count was parsed from the corresponding synthesis log.
PAH-BUILD002-CONF0001,windows-x64,"Yosys 0.68+120 (git sha1 a34d3baae-dirty, Release, GNU [REDACTED_PATH] 15.2.1)",pa_bin_sub_w4,4,BIN-FU,BINARY_POSITIONAL,STRUCTURAL_DECLARED,PASS,SYNTHESIZED_AND_VALIDATED,55,0,0,8,5,13,63,115,11,0,17,ACYCLIC,47328f958d2a958f851f37ca9e93352b69ce1998663f6242b5b700f6a12b5fb8,0,Warning count was parsed from the corresponding synthesis log.
PAH-BUILD002-CONF0001,windows-x64,"Yosys 0.68+120 (git sha1 a34d3baae-dirty, Release, GNU [REDACTED_PATH] 15.2.1)",pa_bin_sub_w4,4,BIN-FU,BINARY_POSITIONAL,STRUCTURAL_OPTIMIZED,PASS,SYNTHESIZED_AND_VALIDATED,42,0,0,8,5,13,54,89,4,0,12,ACYCLIC,77d41438e07b9b8e819b230ba6bbf17ca57f315d5fdb2916e0e6c09394086a83,1,Warning count was parsed from the corresponding synthesis log.
PAH-BUILD002-CONF0001,windows-x64,"Yosys 0.68+120 (git sha1 a34d3baae-dirty, Release, GNU [REDACTED_PATH] 15.2.1)",pa_bin_to_therm_w4,4,REPRESENTATION-ADAPTER-S4,BINARY_EXPONENT_TO_THERMOMETER,STRUCTURAL_DECLARED,PASS,SYNTHESIZED_AND_VALIDATED,407,0,0,6,8,14,413,822,121,0,19,ACYCLIC,636ac28d2942d09d5a1d95eb04612b6324bcbf090c54ff725aeac0568ce84962,0,Warning count was parsed from the corresponding synthesis log.
PAH-BUILD002-CONF0001,windows-x64,"Yosys 0.68+120 (git sha1 a34d3baae-dirty, Release, GNU [REDACTED_PATH] 15.2.1)",pa_bin_to_therm_w4,4,REPRESENTATION-ADAPTER-S4,BINARY_EXPONENT_TO_THERMOMETER,STRUCTURAL_OPTIMIZED,PASS,SYNTHESIZED_AND_VALIDATED,9,0,0,6,8,14,32,26,4,0,2,ACYCLIC,0466b47e839248e603fb40d00bb9005fc80647b3ac0d7558333f638771716fd9,1,Warning count was parsed from the corresponding synthesis log.
PAH-BUILD002-CONF0001,windows-x64,"Yosys 0.68+120 (git sha1 a34d3baae-dirty, Release, GNU [REDACTED_PATH] 15.2.1)",pa_bin_vsc_w4,4,VALUATION-SIDECAR-S4,BINARY_WITH_VALUATION_SIDECAR,STRUCTURAL_DECLARED,PASS,SYNTHESIZED_AND_VALIDATED,1202,0,0,16,15,31,1218,2419,172,0,58,ACYCLIC,8647b5d1229e6283196bbbda1a01c51dd17b820d50376c592ec8a765426f379e,0,Warning count was parsed from the corresponding synthesis log.
PAH-BUILD002-CONF0001,windows-x64,"Yosys 0.68+120 (git sha1 a34d3baae-dirty, Release, GNU [REDACTED_PATH] 15.2.1)",pa_bin_vsc_w4,4,VALUATION-SIDECAR-S4,BINARY_WITH_VALUATION_SIDECAR,STRUCTURAL_OPTIMIZED,PASS,SYNTHESIZED_AND_VALIDATED,322,0,0,16,15,31,623,659,14,0,25,ACYCLIC,4b43f8817f1cc04262f455fb3bd2d56a90f5307ab2ae1983ec37a3d392febfb2,1,Warning count was parsed from the corresponding synthesis log.
PAH-BUILD002-CONF0001,windows-x64,"Yosys 0.68+120 (git sha1 a34d3baae-dirty, Release, GNU [REDACTED_PATH] 15.2.1)",pa_binexp_cancel_w4,4,VFU-BINEXP-S4,BINARY_EXPONENT,STRUCTURAL_DECLARED,PASS,SYNTHESIZED_AND_VALIDATED,282,0,0,14,8,22,296,572,48,0,24,ACYCLIC,6253b907b05b41e87ada7483265c7ca71e1aa3e6c053ec242eb7d76544c1a397,0,Warning count was parsed from the corresponding synthesis log.
PAH-BUILD002-CONF0001,windows-x64,"Yosys 0.68+120 (git sha1 a34d3baae-dirty, Release, GNU [REDACTED_PATH] 15.2.1)",pa_binexp_cancel_w4,4,VFU-BINEXP-S4,BINARY_EXPONENT,STRUCTURAL_OPTIMIZED,PASS,SYNTHESIZED_AND_VALIDATED,84,0,0,14,8,22,108,176,8,0,14,ACYCLIC,c0678a8f1ca117d003534e9bbd0aa5c0adc888f2ad2c2304a2c42c062f2c8bb0,1,Warning count was parsed from the corresponding synthesis log.
PAH-BUILD002-CONF0001,windows-x64,"Yosys 0.68+120 (git sha1 a34d3baae-dirty, Release, GNU [REDACTED_PATH] 15.2.1)",pa_binexp_checked_compose_w4,4,VFU-BINEXP-S4,BINARY_EXPONENT,STRUCTURAL_DECLARED,PASS,SYNTHESIZED_AND_VALIDATED,391,0,0,22,11,33,413,793,57,0,25,ACYCLIC,c5ccf217b9d1cb0654a5887267182d4099d5b26ded1eb94bb8da7a54e46f9f7f,0,Warning count was parsed from the corresponding synthesis log.
PAH-BUILD002-CONF0001,windows-x64,"Yosys 0.68+120 (git sha1 a34d3baae-dirty, Release, GNU [REDACTED_PATH] 15.2.1)",pa_binexp_checked_compose_w4,4,VFU-BINEXP-S4,BINARY_EXPONENT,STRUCTURAL_OPTIMIZED,PASS,SYNTHESIZED_AND_VALIDATED,82,0,0,22,11,33,116,175,10,0,8,ACYCLIC,3b71e80d22f8db594aed6123aeb2b0bfd03cca5ba788415c353f61a91abc68bf,1,Warning count was parsed from the corresponding synthesis log.
PAH-BUILD002-CONF0001,windows-x64,"Yosys 0.68+120 (git sha1 a34d3baae-dirty, Release, GNU [REDACTED_PATH] 15.2.1)",pa_binexp_compose_w4,4,VFU-BINEXP-S4,BINARY_EXPONENT,STRUCTURAL_DECLARED,PASS,SYNTHESIZED_AND_VALIDATED,358,0,0,14,11,25,372,727,57,0,24,ACYCLIC,0748d6a321148c1382f19c65e46b2d6267f1144e53a804db34dffd38764ae4bf,0,Warning count was parsed from the corresponding synthesis log.
PAH-BUILD002-CONF0001,windows-x64,"Yosys 0.68+120 (git sha1 a34d3baae-dirty, Release, GNU [REDACTED_PATH] 15.2.1)",pa_binexp_compose_w4,4,VFU-BINEXP-S4,BINARY_EXPONENT,STRUCTURAL_OPTIMIZED,PASS,SYNTHESIZED_AND_VALIDATED,58,0,0,14,11,25,84,127,10,0,7,ACYCLIC,57f5cc984530cfb126ef1b2334d885c197d7af63f278842096acbfba587d3906,1,Warning count was parsed from the corresponding synthesis log.
PAH-BUILD002-CONF0001,windows-x64,"Yosys 0.68+120 (git sha1 a34d3baae-dirty, Release, GNU [REDACTED_PATH] 15.2.1)",pa_binexp_divides_w4,4,VFU-BINEXP-S4,BINARY_EXPONENT,STRUCTURAL_DECLARED,PASS,SYNTHESIZED_AND_VALIDATED,154,0,0,14,1,15,168,309,25,0,23,ACYCLIC,1ddd1da817dfe3cb9447d704db2c142b95862aa9e6768b0c754a7867ed4ec0f8,0,Warning count was parsed from the corresponding synthesis log.
PAH-BUILD002-CONF0001,windows-x64,"Yosys 0.68+120 (git sha1 a34d3baae-dirty, Release, GNU [REDACTED_PATH] 15.2.1)",pa_binexp_divides_w4,4,VFU-BINEXP-S4,BINARY_EXPONENT,STRUCTURAL_OPTIMIZED,PASS,SYNTHESIZED_AND_VALIDATED,34,0,0,14,1,15,54,69,3,0,10,ACYCLIC,b4620db149c6eae2787c42614128a6126ff6a71fe5c4d0a5c1d491c82eb20993,1,Warning count was parsed from the corresponding synthesis log.
PAH-BUILD002-CONF0001,windows-x64,"Yosys 0.68+120 (git sha1 a34d3baae-dirty, Release, GNU [REDACTED_PATH] 15.2.1)",pa_binexp_join_w4,4,VFU-BINEXP-S4,BINARY_EXPONENT,STRUCTURAL_DECLARED,PASS,SYNTHESIZED_AND_VALIDATED,203,0,0,14,7,21,217,413,24,0,16,ACYCLIC,9bb172ed0dd8bdee791bc86756a835fcb0c3fda30eb3e4ffc6641324f8a5240e,0,Warning count was parsed from the corresponding synthesis log.
PAH-BUILD002-CONF0001,windows-x64,"Yosys 0.68+120 (git sha1 a34d3baae-dirty, Release, GNU [REDACTED_PATH] 15.2.1)",pa_binexp_join_w4,4,VFU-BINEXP-S4,BINARY_EXPONENT,STRUCTURAL_OPTIMIZED,PASS,SYNTHESIZED_AND_VALIDATED,38,0,0,14,7,21,58,83,6,0,6,ACYCLIC,d23a198b1c4d57d6bddbd18ae617368887fa22a5f790b332f11b10909f3c55be,1,Warning count was parsed from the corresponding synthesis log.
PAH-BUILD002-CONF0001,windows-x64,"Yosys 0.68+120 (git sha1 a34d3baae-dirty, Release, GNU [REDACTED_PATH] 15.2.1)",pa_binexp_meet_w4,4,VFU-BINEXP-S4,BINARY_EXPONENT,STRUCTURAL_DECLARED,PASS,SYNTHESIZED_AND_VALIDATED,226,0,0,14,7,21,240,459,24,0,18,ACYCLIC,73f3b7fbb532c2f12452560fa284e9c6c5e8a2e06bc1fe01fa382aaf9a8cec7a,0,Warning count was parsed from the corresponding synthesis log.
PAH-BUILD002-CONF0001,windows-x64,"Yosys 0.68+120 (git sha1 a34d3baae-dirty, Release, GNU [REDACTED_PATH] 15.2.1)",pa_binexp_meet_w4,4,VFU-BINEXP-S4,BINARY_EXPONENT,STRUCTURAL_OPTIMIZED,PASS,SYNTHESIZED_AND_VALIDATED,59,0,0,14,7,21,79,125,7,0,7,ACYCLIC,6dd701f8af84be0bdec07fa99454684c65f37a55e896ebc3319408a75f1b66ed,1,Warning count was parsed from the corresponding synthesis log.
PAH-BUILD002-CONF0001,windows-x64,"Yosys 0.68+120 (git sha1 a34d3baae-dirty, Release, GNU [REDACTED_PATH] 15.2.1)",pa_binexp_power_w4,4,VFU-BINEXP-S4,BINARY_EXPONENT,STRUCTURAL_DECLARED,PASS,SYNTHESIZED_AND_VALIDATED,226,0,0,4,7,11,230,459,48,0,21,ACYCLIC,5ddf89216133d97123a8df1edeb13268dd8583388e4abcff1144b0455be1614a,0,Warning count was parsed from the corresponding synthesis log.
PAH-BUILD002-CONF0001,windows-x64,"Yosys 0.68+120 (git sha1 a34d3baae-dirty, Release, GNU [REDACTED_PATH] 15.2.1)",pa_binexp_power_w4,4,VFU-BINEXP-S4,BINARY_EXPONENT,STRUCTURAL_OPTIMIZED,PASS,SYNTHESIZED_AND_VALIDATED,30,0,0,4,7,11,52,67,5,0,7,ACYCLIC,31f2f6a7d20e7779212ba08c4e05c20723efba61c4a586b7bb8a95c8649d5141,1,Warning count was parsed from the corresponding synthesis log.
PAH-BUILD002-CONF0001,windows-x64,"Yosys 0.68+120 (git sha1 a34d3baae-dirty, Release, GNU [REDACTED_PATH] 15.2.1)",pa_binexp_valuation_w4,4,VFU-BINEXP-S4,BINARY_EXPONENT,STRUCTURAL_DECLARED,PASS,SYNTHESIZED_AND_VALIDATED,32,0,0,9,4,13,41,68,12,0,7,ACYCLIC,7c72582ff550930038c849e240399535848976a295ef1df0c06cc3a41844c08b,0,Warning count was parsed from the corresponding synthesis log.
PAH-BUILD002-CONF0001,windows-x64,"Yosys 0.68+120 (git sha1 a34d3baae-dirty, Release, GNU [REDACTED_PATH] 15.2.1)",pa_binexp_valuation_w4,4,VFU-BINEXP-S4,BINARY_EXPONENT,STRUCTURAL_OPTIMIZED,PASS,SYNTHESIZED_AND_VALIDATED,24,0,0,9,4,13,34,52,5,0,7,ACYCLIC,cf8f9b5825f0ce9392f19329630bfb25511c50d25f9042da4c654e7f581bc176,1,Warning count was parsed from the corresponding synthesis log.
PAH-BUILD002-CONF0001,windows-x64,"Yosys 0.68+120 (git sha1 a34d3baae-dirty, Release, GNU [REDACTED_PATH] 15.2.1)",pa_cold_encode_w4,4,COLD-ENCODER-S4,BINARY_MAGNITUDE_TO_BINARY_EXPONENT,STRUCTURAL_DECLARED,PASS,SYNTHESIZED_AND_VALIDATED,251,0,0,4,9,13,255,511,39,0,21,ACYCLIC,4d5cd62a5a81eaec8a40d76d41e9480b5215e52a0451cdd0f3cf132e60f06115,0,Warning count was parsed from the corresponding synthesis log.
PAH-BUILD002-CONF0001,windows-x64,"Yosys 0.68+120 (git sha1 a34d3baae-dirty, Release, GNU [REDACTED_PATH] 15.2.1)",pa_cold_encode_w4,4,COLD-ENCODER-S4,BINARY_MAGNITUDE_TO_BINARY_EXPONENT,STRUCTURAL_OPTIMIZED,PASS,SYNTHESIZED_AND_VALIDATED,44,0,0,4,9,13,150,97,5,0,9,ACYCLIC,c321ad2aff45c757926d69cc14f5513ab4fb6dbd026ea9c484170cfe4c36b972,1,Warning count was parsed from the corresponding synthesis log.
PAH-BUILD002-CONF0001,windows-x64,"Yosys 0.68+120 (git sha1 a34d3baae-dirty, Release, GNU [REDACTED_PATH] 15.2.1)",pa_therm_compose_w4,4,VFU-THERM-S4,THERMOMETER_THRESHOLD,STRUCTURAL_DECLARED,PASS,SYNTHESIZED_AND_VALIDATED,104,0,0,16,12,28,120,220,24,0,10,ACYCLIC,f4bd27b82c00945b7cf47b25c211dd0f44049c8ca0a198fe716e97efb965e05c,0,Warning count was parsed from the corresponding synthesis log.
PAH-BUILD002-CONF0001,windows-x64,"Yosys 0.68+120 (git sha1 a34d3baae-dirty, Release, GNU [REDACTED_PATH] 15.2.1)",pa_therm_compose_w4,4,VFU-THERM-S4,THERMOMETER_THRESHOLD,STRUCTURAL_OPTIMIZED,PASS,SYNTHESIZED_AND_VALIDATED,66,0,0,16,12,28,97,144,11,0,8,ACYCLIC,67087a3022b02e86190e415a1eddd8946ecb672dbcdd714fe78be7acba65bc35,1,Warning count was parsed from the corresponding synthesis log.
PAH-BUILD002-CONF0001,windows-x64,"Yosys 0.68+120 (git sha1 a34d3baae-dirty, Release, GNU [REDACTED_PATH] 15.2.1)",pa_therm_divides_w4,4,VFU-THERM-S4,THERMOMETER_THRESHOLD,STRUCTURAL_DECLARED,PASS,SYNTHESIZED_AND_VALIDATED,34,0,0,16,1,17,50,69,4,0,16,ACYCLIC,64a3ab73b6c8b36caa01dcc73edfc68f0aec0a0053a7d0facb2785d96b566d4b,0,Warning count was parsed from the corresponding synthesis log.
PAH-BUILD002-CONF0001,windows-x64,"Yosys 0.68+120 (git sha1 a34d3baae-dirty, Release, GNU [REDACTED_PATH] 15.2.1)",pa_therm_divides_w4,4,VFU-THERM-S4,THERMOMETER_THRESHOLD,STRUCTURAL_OPTIMIZED,PASS,SYNTHESIZED_AND_VALIDATED,30,0,0,16,1,17,46,61,2,0,8,ACYCLIC,e19a9d817845f35bf1c06936e8c669dbb5d2ba53e1c3e57b0cbb8814b2ec705c,1,Warning count was parsed from the corresponding synthesis log.
PAH-BUILD002-CONF0001,windows-x64,"Yosys 0.68+120 (git sha1 a34d3baae-dirty, Release, GNU [REDACTED_PATH] 15.2.1)",pa_therm_join_w4,4,VFU-THERM-S4,THERMOMETER_THRESHOLD,STRUCTURAL_DECLARED,PASS,SYNTHESIZED_AND_VALIDATED,52,0,0,16,8,24,68,112,22,0,5,ACYCLIC,74cdab7cab4bf70376c5d4cfc5405188f830bf753e7e68246268ccc471af959b,0,Warning count was parsed from the corresponding synthesis log.
PAH-BUILD002-CONF0001,windows-x64,"Yosys 0.68+120 (git sha1 a34d3baae-dirty, Release, GNU [REDACTED_PATH] 15.2.1)",pa_therm_join_w4,4,VFU-THERM-S4,THERMOMETER_THRESHOLD,STRUCTURAL_OPTIMIZED,PASS,SYNTHESIZED_AND_VALIDATED,39,0,0,16,8,24,55,86,7,0,5,ACYCLIC,791fbfd022875e325e1949431619ea7fba39188a1c3c29c4567b989a0d5e9b89,1,Warning count was parsed from the corresponding synthesis log.
PAH-BUILD002-CONF0001,windows-x64,"Yosys 0.68+120 (git sha1 a34d3baae-dirty, Release, GNU [REDACTED_PATH] 15.2.1)",pa_therm_meet_w4,4,VFU-THERM-S4,THERMOMETER_THRESHOLD,STRUCTURAL_DECLARED,PASS,SYNTHESIZED_AND_VALIDATED,72,0,0,16,8,24,88,152,22,0,6,ACYCLIC,2c24d3dc5442f3c6445be19ac66095fb0fd5496ca92639dd16e8ec0e83ecfe4b,0,Warning count was parsed from the corresponding synthesis log.
PAH-BUILD002-CONF0001,windows-x64,"Yosys 0.68+120 (git sha1 a34d3baae-dirty, Release, GNU [REDACTED_PATH] 15.2.1)",pa_therm_meet_w4,4,VFU-THERM-S4,THERMOMETER_THRESHOLD,STRUCTURAL_OPTIMIZED,PASS,SYNTHESIZED_AND_VALIDATED,46,0,0,16,8,24,62,100,8,0,5,ACYCLIC,f6ad59bf87cda952d3802cb037245b4a2353d601fe97d0b90364151d701c36a6,1,Warning count was parsed from the corresponding synthesis log.
PAH-BUILD002-CONF0001,windows-x64,"Yosys 0.68+120 (git sha1 a34d3baae-dirty, Release, GNU [REDACTED_PATH] 15.2.1)",pa_therm_to_bin_w4,4,REPRESENTATION-ADAPTER-S4,THERMOMETER_TO_BINARY_EXPONENT,STRUCTURAL_DECLARED,PASS,SYNTHESIZED_AND_VALIDATED,136,0,0,7,7,14,143,279,44,0,20,ACYCLIC,2f711bd4395df0a590844b3fcd3604b076e883459d54f23984339fcd5f5c223f,0,Warning count was parsed from the corresponding synthesis log.
PAH-BUILD002-CONF0001,windows-x64,"Yosys 0.68+120 (git sha1 a34d3baae-dirty, Release, GNU [REDACTED_PATH] 15.2.1)",pa_therm_to_bin_w4,4,REPRESENTATION-ADAPTER-S4,THERMOMETER_TO_BINARY_EXPONENT,STRUCTURAL_OPTIMIZED,PASS,SYNTHESIZED_AND_VALIDATED,23,0,0,7,7,14,50,53,4,0,6,ACYCLIC,933d99f5b1f1e5c7d77758da35954a834294f966e83e7c3ad26b60fa7e59211e,1,Warning count was parsed from the corresponding synthesis log.
PAH-BUILD002-CONF0001,windows-x64,"Yosys 0.68+120 (git sha1 a34d3baae-dirty, Release, GNU [REDACTED_PATH] 15.2.1)",pa_therm_validate_w4,4,VFU-THERM-S4,THERMOMETER_THRESHOLD,STRUCTURAL_DECLARED,PASS,SYNTHESIZED_AND_VALIDATED,28,0,0,7,1,8,35,57,8,0,14,ACYCLIC,332cbbf67c3a62c9a8286f7535bbb669df586fd4f5bea38f7f22676d1041bf4e,0,Warning count was parsed from the corresponding synthesis log.
PAH-BUILD002-CONF0001,windows-x64,"Yosys 0.68+120 (git sha1 a34d3baae-dirty, Release, GNU [REDACTED_PATH] 15.2.1)",pa_therm_validate_w4,4,VFU-THERM-S4,THERMOMETER_THRESHOLD,STRUCTURAL_OPTIMIZED,PASS,SYNTHESIZED_AND_VALIDATED,9,0,0,7,1,8,27,19,3,0,5,ACYCLIC,77a895e7d6e18e925af455df62be227df375c810bc63c2eab9711b3ef1e127ea,1,Warning count was parsed from the corresponding synthesis log.
PAH-BUILD002-CONF0001,windows-x64,"Yosys 0.68+120 (git sha1 a34d3baae-dirty, Release, GNU [REDACTED_PATH] 15.2.1)",pa_vsc_query_w4,4,VALUATION-SIDECAR-S4,THRESHOLD_SIDECAR_QUERY,STRUCTURAL_DECLARED,PASS,SYNTHESIZED_AND_VALIDATED,45,0,0,10,2,12,55,92,8,0,18,ACYCLIC,d00387862ced3c2c399a724816072b97cb8e01bf29bae7720e04f6b8a41ea83a,0,Warning count was parsed from the corresponding synthesis log.
PAH-BUILD002-CONF0001,windows-x64,"Yosys 0.68+120 (git sha1 a34d3baae-dirty, Release, GNU [REDACTED_PATH] 15.2.1)",pa_vsc_query_w4,4,VALUATION-SIDECAR-S4,THRESHOLD_SIDECAR_QUERY,STRUCTURAL_OPTIMIZED,PASS,SYNTHESIZED_AND_VALIDATED,25,0,0,10,2,12,49,52,4,0,8,ACYCLIC,0e50774b659cb67fc99b7f68873e2ab814bacdba3f92b2acd543e8873418e7a4,1,Warning count was parsed from the corresponding synthesis log.
PAH-BUILD002-CONF0001,windows-x64,"Yosys 0.68+120 (git sha1 a34d3baae-dirty, Release, GNU [REDACTED_PATH] 15.2.1)",pa_bin_add_w6,6,BIN-FU,BINARY_POSITIONAL,STRUCTURAL_DECLARED,PASS,SYNTHESIZED_AND_VALIDATED,81,0,0,12,7,19,93,169,15,0,19,ACYCLIC,3d254beb3057308cc7b7d12808b62105cb476540935a416603e3d0fb77c0b0db,0,Warning count was parsed from the corresponding synthesis log.
PAH-BUILD002-CONF0001,windows-x64,"Yosys 0.68+120 (git sha1 a34d3baae-dirty, Release, GNU [REDACTED_PATH] 15.2.1)",pa_bin_add_w6,6,BIN-FU,BINARY_POSITIONAL,STRUCTURAL_OPTIMIZED,PASS,SYNTHESIZED_AND_VALIDATED,66,0,0,12,7,19,83,139,4,0,16,ACYCLIC,09679062912cfc6a9b7323828ce4788256382fe8de35a9bb9b72b6ed9e8e55ea,1,Warning count was parsed from the corresponding synthesis log.
PAH-BUILD002-CONF0001,windows-x64,"Yosys 0.68+120 (git sha1 a34d3baae-dirty, Release, GNU [REDACTED_PATH] 15.2.1)",pa_bin_compare_w6,6,BIN-FU,BINARY_POSITIONAL,STRUCTURAL_DECLARED,PASS,SYNTHESIZED_AND_VALIDATED,122,0,0,12,2,14,134,246,15,0,19,ACYCLIC,d5d71ae5981944c63886a8027cb1fb6179480487900fc00b36c5214d965e706d,0,Warning count was parsed from the corresponding synthesis log.
PAH-BUILD002-CONF0001,windows-x64,"Yosys 0.68+120 (git sha1 a34d3baae-dirty, Release, GNU [REDACTED_PATH] 15.2.1)",pa_bin_compare_w6,6,BIN-FU,BINARY_POSITIONAL,STRUCTURAL_OPTIMIZED,PASS,SYNTHESIZED_AND_VALIDATED,54,0,0,12,2,14,77,110,3,0,11,ACYCLIC,dcbf6aff6562c6a8ea648cf651483ee75171736041ba8953ea4880d2664851b6,1,Warning count was parsed from the corresponding synthesis log.
PAH-BUILD002-CONF0001,windows-x64,"Yosys 0.68+120 (git sha1 a34d3baae-dirty, Release, GNU [REDACTED_PATH] 15.2.1)",pa_bin_counter_w6,6,BIN-FU,BINARY_POSITIONAL,STRUCTURAL_DECLARED,PASS,SYNTHESIZED_AND_VALIDATED,54,6,6,3,7,10,63,139,12,0,16,ACYCLIC,93f853f3c413accf856fadf84c131fcca19d1a04adef1b3ce47ea0add4b6fdf5,0,Warning count was parsed from the corresponding synthesis log.
PAH-BUILD002-CONF0001,windows-x64,"Yosys 0.68+120 (git sha1 a34d3baae-dirty, Release, GNU [REDACTED_PATH] 15.2.1)",pa_bin_counter_w6,6,BIN-FU,BINARY_POSITIONAL,STRUCTURAL_OPTIMIZED,PASS,SYNTHESIZED_AND_VALIDATED,56,6,6,3,7,10,69,131,6,0,10,ACYCLIC,62dd1e38f2fef741d5981952c54f95cdddce67ac65572818b392ff4128013ba5,1,Warning count was parsed from the corresponding synthesis log.
PAH-BUILD002-CONF0001,windows-x64,"Yosys 0.68+120 (git sha1 a34d3baae-dirty, Release, GNU [REDACTED_PATH] 15.2.1)",pa_bin_fu_registered_w6,6,BIN-FU,BINARY_POSITIONAL,STRUCTURAL_DECLARED,PASS,SYNTHESIZED_AND_VALIDATED,1163,30,30,18,16,34,1211,2462,145,0,64,ACYCLIC,049a2483525197020fc638cff6f0272880b4718d0ad0c9a322faa3c389de9feb,0,Warning count was parsed from the corresponding synthesis log.
PAH-BUILD002-CONF0001,windows-x64,"Yosys 0.68+120 (git sha1 a34d3baae-dirty, Release, GNU [REDACTED_PATH] 15.2.1)",pa_bin_fu_registered_w6,6,BIN-FU,BINARY_POSITIONAL,STRUCTURAL_OPTIMIZED,PASS,SYNTHESIZED_AND_VALIDATED,664,30,30,18,16,34,969,1404,30,0,57,ACYCLIC,77ca34f3dd5cdc28424d2ddf8fc2cbe54996536cbdf5b7ae07d47f94214a2aec,1,Warning count was parsed from the corresponding synthesis log.
PAH-BUILD002-CONF0001,windows-x64,"Yosys 0.68+120 (git sha1 a34d3baae-dirty, Release, GNU [REDACTED_PATH] 15.2.1)",pa_bin_fu_w6,6,BIN-FU,BINARY_POSITIONAL,STRUCTURAL_DECLARED,PASS,SYNTHESIZED_AND_VALIDATED,1163,0,0,14,16,30,1177,2342,145,0,64,ACYCLIC,e94940c6955118f3b6392c67ffb1116efb63902f111ae41fea6689bec2327838,0,Warning count was parsed from the corresponding synthesis log.
PAH-BUILD002-CONF0001,windows-x64,"Yosys 0.68+120 (git sha1 a34d3baae-dirty, Release, GNU [REDACTED_PATH] 15.2.1)",pa_bin_fu_w6,6,BIN-FU,BINARY_POSITIONAL,STRUCTURAL_OPTIMIZED,PASS,SYNTHESIZED_AND_VALIDATED,498,0,0,14,16,30,774,1012,12,0,54,ACYCLIC,3ed9f28ee298ec2fb658873615a607393b5fb9a74a33df05ce041d89e532a211,1,Warning count was parsed from the corresponding synthesis log.
PAH-BUILD002-CONF0001,windows-x64,"Yosys 0.68+120 (git sha1 a34d3baae-dirty, Release, GNU [REDACTED_PATH] 15.2.1)",pa_bin_mul_w6,6,BIN-FU,BINARY_POSITIONAL,STRUCTURAL_DECLARED,PASS,SYNTHESIZED_AND_VALIDATED,720,0,0,12,12,24,732,1452,108,0,60,ACYCLIC,067ee49e4604d5c026840c069f62e63a08173078ee3fb5815e61f15f0a1dcd5d,0,Warning count was parsed from the corresponding synthesis log.
PAH-BUILD002-CONF0001,windows-x64,"Yosys 0.68+120 (git sha1 a34d3baae-dirty, Release, GNU [REDACTED_PATH] 15.2.1)",pa_bin_mul_w6,6,BIN-FU,BINARY_POSITIONAL,STRUCTURAL_OPTIMIZED,PASS,SYNTHESIZED_AND_VALIDATED,335,0,0,12,12,24,521,682,7,0,53,ACYCLIC,3cc9388d5da3039ab37520c899a4d42820069f1078fdcb43de3d0a950a528750,1,Warning count was parsed from the corresponding synthesis log.
PAH-BUILD002-CONF0001,windows-x64,"Yosys 0.68+120 (git sha1 a34d3baae-dirty, Release, GNU [REDACTED_PATH] 15.2.1)",pa_bin_sub_w6,6,BIN-FU,BINARY_POSITIONAL,STRUCTURAL_DECLARED,PASS,SYNTHESIZED_AND_VALIDATED,81,0,0,12,7,19,93,169,15,0,21,ACYCLIC,c63b2193743aa5b539353d91fb9215b6376218f3fa6073c5b3e3d0e2412ab253,0,Warning count was parsed from the corresponding synthesis log.
PAH-BUILD002-CONF0001,windows-x64,"Yosys 0.68+120 (git sha1 a34d3baae-dirty, Release, GNU [REDACTED_PATH] 15.2.1)",pa_bin_sub_w6,6,BIN-FU,BINARY_POSITIONAL,STRUCTURAL_OPTIMIZED,PASS,SYNTHESIZED_AND_VALIDATED,66,0,0,12,7,19,84,139,4,0,16,ACYCLIC,bc8bd05b0663596a2f3a68a60297f3c3b055f40d006b1362ae6316cea6b7daca,1,Warning count was parsed from the corresponding synthesis log.
PAH-BUILD002-CONF0001,windows-x64,"Yosys 0.68+120 (git sha1 a34d3baae-dirty, Release, GNU [REDACTED_PATH] 15.2.1)",pa_bin_to_therm_w6,6,REPRESENTATION-ADAPTER-S4,BINARY_EXPONENT_TO_THERMOMETER,STRUCTURAL_DECLARED,PASS,SYNTHESIZED_AND_VALIDATED,822,0,0,9,13,22,831,1657,208,0,21,ACYCLIC,6ed9fba05e781ea58990cad1c814656dbf16c0736dda16a8fd6c6ec2b6c61af0,0,Warning count was parsed from the corresponding synthesis log.
PAH-BUILD002-CONF0001,windows-x64,"Yosys 0.68+120 (git sha1 a34d3baae-dirty, Release, GNU [REDACTED_PATH] 15.2.1)",pa_bin_to_therm_w6,6,REPRESENTATION-ADAPTER-S4,BINARY_EXPONENT_TO_THERMOMETER,STRUCTURAL_OPTIMIZED,PASS,SYNTHESIZED_AND_VALIDATED,28,0,0,9,13,22,90,69,5,0,5,ACYCLIC,7cc0dbc38260c691a487ab55b9ea028db50dd2d93ebee078c1f7ba539da0718a,1,Warning count was parsed from the corresponding synthesis log.
PAH-BUILD002-CONF0001,windows-x64,"Yosys 0.68+120 (git sha1 a34d3baae-dirty, Release, GNU [REDACTED_PATH] 15.2.1)",pa_bin_vsc_w6,6,VALUATION-SIDECAR-S4,BINARY_WITH_VALUATION_SIDECAR,STRUCTURAL_DECLARED,PASS,SYNTHESIZED_AND_VALIDATED,3978,0,0,23,22,45,4001,7978,698,0,91,ACYCLIC,bebdab69bc6b10d3dc784127c35b8e4ec74bced58cb46a1160dd3d410aab29dc,0,Warning count was parsed from the corresponding synthesis log.
PAH-BUILD002-CONF0001,windows-x64,"Yosys 0.68+120 (git sha1 a34d3baae-dirty, Release, GNU [REDACTED_PATH] 15.2.1)",pa_bin_vsc_w6,6,VALUATION-SIDECAR-S4,BINARY_WITH_VALUATION_SIDECAR,STRUCTURAL_OPTIMIZED,PASS,SYNTHESIZED_AND_VALIDATED,732,0,0,23,22,45,1974,1486,17,0,34,ACYCLIC,b3a7f0360516dc51d1bc4b23a128f22226ec9076975a93df75eddafef711f4cb,1,Warning count was parsed from the corresponding synthesis log.
PAH-BUILD002-CONF0001,windows-x64,"Yosys 0.68+120 (git sha1 a34d3baae-dirty, Release, GNU [REDACTED_PATH] 15.2.1)",pa_binexp_cancel_w6,6,VFU-BINEXP-S4,BINARY_EXPONENT,STRUCTURAL_DECLARED,PASS,SYNTHESIZED_AND_VALIDATED,405,0,0,20,11,31,425,821,60,0,26,ACYCLIC,65591225b98a46277f6a49351ef203fe27e23e93b8295819dd3fafebfc382f72,0,Warning count was parsed from the corresponding synthesis log.
PAH-BUILD002-CONF0001,windows-x64,"Yosys 0.68+120 (git sha1 a34d3baae-dirty, Release, GNU [REDACTED_PATH] 15.2.1)",pa_binexp_cancel_w6,6,VFU-BINEXP-S4,BINARY_EXPONENT,STRUCTURAL_OPTIMIZED,PASS,SYNTHESIZED_AND_VALIDATED,135,0,0,20,11,31,168,281,11,0,16,ACYCLIC,d3a44fc202b1e540d6f6eb7ad563f8e1e36fc4269dddc0bb18f3861cba51e2dc,1,Warning count was parsed from the corresponding synthesis log.
PAH-BUILD002-CONF0001,windows-x64,"Yosys 0.68+120 (git sha1 a34d3baae-dirty, Release, GNU [REDACTED_PATH] 15.2.1)",pa_binexp_checked_compose_w6,6,VFU-BINEXP-S4,BINARY_EXPONENT,STRUCTURAL_DECLARED,PASS,SYNTHESIZED_AND_VALIDATED,502,0,0,28,14,42,530,1018,68,0,27,ACYCLIC,0832fca5353e5d5985831d947579c46c4d612926af4dc484ae3467d211f6d705,0,Warning count was parsed from the corresponding synthesis log.
PAH-BUILD002-CONF0001,windows-x64,"Yosys 0.68+120 (git sha1 a34d3baae-dirty, Release, GNU [REDACTED_PATH] 15.2.1)",pa_binexp_checked_compose_w6,6,VFU-BINEXP-S4,BINARY_EXPONENT,STRUCTURAL_OPTIMIZED,PASS,SYNTHESIZED_AND_VALIDATED,129,0,0,28,14,42,176,272,13,0,14,ACYCLIC,ae2d25a2c51a6ff555acec2d50c72aa0aa5b7018d2b98288b351da85ccc13ee4,1,Warning count was parsed from the corresponding synthesis log.
PAH-BUILD002-CONF0001,windows-x64,"Yosys 0.68+120 (git sha1 a34d3baae-dirty, Release, GNU [REDACTED_PATH] 15.2.1)",pa_binexp_compose_w6,6,VFU-BINEXP-S4,BINARY_EXPONENT,STRUCTURAL_DECLARED,PASS,SYNTHESIZED_AND_VALIDATED,469,0,0,20,14,34,489,952,68,0,26,ACYCLIC,d4ce6db0efb7b60d332f66e7ba2299218cd415eb14bf2e70376461d1642b61fa,0,Warning count was parsed from the corresponding synthesis log.
PAH-BUILD002-CONF0001,windows-x64,"Yosys 0.68+120 (git sha1 a34d3baae-dirty, Release, GNU [REDACTED_PATH] 15.2.1)",pa_binexp_compose_w6,6,VFU-BINEXP-S4,BINARY_EXPONENT,STRUCTURAL_OPTIMIZED,PASS,SYNTHESIZED_AND_VALIDATED,111,0,0,20,14,34,150,236,12,0,12,ACYCLIC,f93ece8a96fc6e9be7f30b32e4888d563e3cadac70d71be7ec5a33b0b3d6f55e,1,Warning count was parsed from the corresponding synthesis log.
PAH-BUILD002-CONF0001,windows-x64,"Yosys 0.68+120 (git sha1 a34d3baae-dirty, Release, GNU [REDACTED_PATH] 15.2.1)",pa_binexp_divides_w6,6,VFU-BINEXP-S4,BINARY_EXPONENT,STRUCTURAL_DECLARED,PASS,SYNTHESIZED_AND_VALIDATED,214,0,0,20,1,21,234,429,31,0,25,ACYCLIC,34447ea6a473ba856099c16509d96e87c00a0ca9d03d065eb6c748da526f5523,0,Warning count was parsed from the corresponding synthesis log.
PAH-BUILD002-CONF0001,windows-x64,"Yosys 0.68+120 (git sha1 a34d3baae-dirty, Release, GNU [REDACTED_PATH] 15.2.1)",pa_binexp_divides_w6,6,VFU-BINEXP-S4,BINARY_EXPONENT,STRUCTURAL_OPTIMIZED,PASS,SYNTHESIZED_AND_VALIDATED,54,0,0,20,1,21,83,109,3,0,10,ACYCLIC,9e1aaa720aa5989676283861425cafb0be6476fd4984b13032b86013b150a9da,1,Warning count was parsed from the corresponding synthesis log.
PAH-BUILD002-CONF0001,windows-x64,"Yosys 0.68+120 (git sha1 a34d3baae-dirty, Release, GNU [REDACTED_PATH] 15.2.1)",pa_binexp_join_w6,6,VFU-BINEXP-S4,BINARY_EXPONENT,STRUCTURAL_DECLARED,PASS,SYNTHESIZED_AND_VALIDATED,299,0,0,20,10,30,319,608,30,0,18,ACYCLIC,4a2407612caf8eef037c9e1d78b41bc9a3965cd4e449a85ce15d661a9394c911,0,Warning count was parsed from the corresponding synthesis log.
PAH-BUILD002-CONF0001,windows-x64,"Yosys 0.68+120 (git sha1 a34d3baae-dirty, Release, GNU [REDACTED_PATH] 15.2.1)",pa_binexp_join_w6,6,VFU-BINEXP-S4,BINARY_EXPONENT,STRUCTURAL_OPTIMIZED,PASS,SYNTHESIZED_AND_VALIDATED,72,0,0,20,10,30,101,154,9,0,11,ACYCLIC,7fda6146102f198e0ff79be63babe6319eef02b5af0b884bcfaf13e4a26bb9b3,1,Warning count was parsed from the corresponding synthesis log.
PAH-BUILD002-CONF0001,windows-x64,"Yosys 0.68+120 (git sha1 a34d3baae-dirty, Release, GNU [REDACTED_PATH] 15.2.1)",pa_binexp_meet_w6,6,VFU-BINEXP-S4,BINARY_EXPONENT,STRUCTURAL_DECLARED,PASS,SYNTHESIZED_AND_VALIDATED,334,0,0,20,10,30,354,678,30,0,20,ACYCLIC,cb2f5b5ff71124b1106ab75f80541b34df5203d9f642278e9df358283355eefd,0,Warning count was parsed from the corresponding synthesis log.
PAH-BUILD002-CONF0001,windows-x64,"Yosys 0.68+120 (git sha1 a34d3baae-dirty, Release, GNU [REDACTED_PATH] 15.2.1)",pa_binexp_meet_w6,6,VFU-BINEXP-S4,BINARY_EXPONENT,STRUCTURAL_OPTIMIZED,PASS,SYNTHESIZED_AND_VALIDATED,97,0,0,20,10,30,126,204,9,0,10,ACYCLIC,9edb583c5017eceb081ffa732b5dc2211c53254a484d9c4b63beab3a3123c793,1,Warning count was parsed from the corresponding synthesis log.
PAH-BUILD002-CONF0001,windows-x64,"Yosys 0.68+120 (git sha1 a34d3baae-dirty, Release, GNU [REDACTED_PATH] 15.2.1)",pa_binexp_power_w6,6,VFU-BINEXP-S4,BINARY_EXPONENT,STRUCTURAL_DECLARED,PASS,SYNTHESIZED_AND_VALIDATED,318,0,0,5,10,15,323,646,60,0,23,ACYCLIC,330a2801b3dba933bc4e89da2e8ee333ce3487c70cc4fdcc5455b9083a5a7f78,0,Warning count was parsed from the corresponding synthesis log.
PAH-BUILD002-CONF0001,windows-x64,"Yosys 0.68+120 (git sha1 a34d3baae-dirty, Release, GNU [REDACTED_PATH] 15.2.1)",pa_binexp_power_w6,6,VFU-BINEXP-S4,BINARY_EXPONENT,STRUCTURAL_OPTIMIZED,PASS,SYNTHESIZED_AND_VALIDATED,44,0,0,5,10,15,70,98,7,0,11,ACYCLIC,a5eb4bd2a4b25f9d2bf7f75230c7964e0e6def87f9e7597363cea5f23cfcd562,1,Warning count was parsed from the corresponding synthesis log.
PAH-BUILD002-CONF0001,windows-x64,"Yosys 0.68+120 (git sha1 a34d3baae-dirty, Release, GNU [REDACTED_PATH] 15.2.1)",pa_binexp_valuation_w6,6,VFU-BINEXP-S4,BINARY_EXPONENT,STRUCTURAL_DECLARED,PASS,SYNTHESIZED_AND_VALIDATED,48,0,0,12,5,17,60,101,18,0,7,ACYCLIC,a5357f560ba2bddf892ebe4305c099cd41ed71a6dd50cf5e565da4d5eb5c50c7,0,Warning count was parsed from the corresponding synthesis log.
PAH-BUILD002-CONF0001,windows-x64,"Yosys 0.68+120 (git sha1 a34d3baae-dirty, Release, GNU [REDACTED_PATH] 15.2.1)",pa_binexp_valuation_w6,6,VFU-BINEXP-S4,BINARY_EXPONENT,STRUCTURAL_OPTIMIZED,PASS,SYNTHESIZED_AND_VALIDATED,29,0,0,12,5,17,43,63,6,0,5,ACYCLIC,ba91514f213b1e56420ffe54a23a58304ed34cc228310189f1d5a193353215d9,1,Warning count was parsed from the corresponding synthesis log.
PAH-BUILD002-CONF0001,windows-x64,"Yosys 0.68+120 (git sha1 a34d3baae-dirty, Release, GNU [REDACTED_PATH] 15.2.1)",pa_cold_encode_w6,6,COLD-ENCODER-S4,BINARY_MAGNITUDE_TO_BINARY_EXPONENT,STRUCTURAL_DECLARED,PASS,SYNTHESIZED_AND_VALIDATED,1821,0,0,6,14,20,1827,3656,195,0,73,ACYCLIC,45032b7c7c0dd994ff88435c97fbf4f247fbf88d7993e4fd52ac67175a499a17,0,Warning count was parsed from the corresponding synthesis log.
PAH-BUILD002-CONF0001,windows-x64,"Yosys 0.68+120 (git sha1 a34d3baae-dirty, Release, GNU [REDACTED_PATH] 15.2.1)",pa_cold_encode_w6,6,COLD-ENCODER-S4,BINARY_MAGNITUDE_TO_BINARY_EXPONENT,STRUCTURAL_OPTIMIZED,PASS,SYNTHESIZED_AND_VALIDATED,172,0,0,6,14,20,964,358,10,0,17,ACYCLIC,7a91bb1469bb3f5d62db4013c1c586a8fea09e36e200789c11d92fd87fc20494,1,Warning count was parsed from the corresponding synthesis log.
PAH-BUILD002-CONF0001,windows-x64,"Yosys 0.68+120 (git sha1 a34d3baae-dirty, Release, GNU [REDACTED_PATH] 15.2.1)",pa_therm_compose_w6,6,VFU-THERM-S4,THERMOMETER_THRESHOLD,STRUCTURAL_DECLARED,PASS,SYNTHESIZED_AND_VALIDATED,219,0,0,26,17,43,245,455,39,0,14,ACYCLIC,937a86e9f9dd471b20bff788a2b6d53eb91d1abb1b6a83a5cde6ee9b9b7d653f,0,Warning count was parsed from the corresponding synthesis log.
PAH-BUILD002-CONF0001,windows-x64,"Yosys 0.68+120 (git sha1 a34d3baae-dirty, Release, GNU [REDACTED_PATH] 15.2.1)",pa_therm_compose_w6,6,VFU-THERM-S4,THERMOMETER_THRESHOLD,STRUCTURAL_OPTIMIZED,PASS,SYNTHESIZED_AND_VALIDATED,141,0,0,26,17,43,209,299,16,0,8,ACYCLIC,2f5bed0637957496f1c5cae85ee98d37caea1413a0bc47fac43e0a45c07cfa62,1,Warning count was parsed from the corresponding synthesis log.
PAH-BUILD002-CONF0001,windows-x64,"Yosys 0.68+120 (git sha1 a34d3baae-dirty, Release, GNU [REDACTED_PATH] 15.2.1)",pa_therm_divides_w6,6,VFU-THERM-S4,THERMOMETER_THRESHOLD,STRUCTURAL_DECLARED,PASS,SYNTHESIZED_AND_VALIDATED,54,0,0,26,1,27,80,109,4,0,20,ACYCLIC,270844de27cb5e401ae28e05347a0f0874725f1f2b01f953550e1d401d320580,0,Warning count was parsed from the corresponding synthesis log.
PAH-BUILD002-CONF0001,windows-x64,"Yosys 0.68+120 (git sha1 a34d3baae-dirty, Release, GNU [REDACTED_PATH] 15.2.1)",pa_therm_divides_w6,6,VFU-THERM-S4,THERMOMETER_THRESHOLD,STRUCTURAL_OPTIMIZED,PASS,SYNTHESIZED_AND_VALIDATED,50,0,0,26,1,27,76,101,2,0,10,ACYCLIC,afc276dbf262dad8ced5c31e667d8a4852ea4601f2fb2f347eb4d85fc29b0051,1,Warning count was parsed from the corresponding synthesis log.
PAH-BUILD002-CONF0001,windows-x64,"Yosys 0.68+120 (git sha1 a34d3baae-dirty, Release, GNU [REDACTED_PATH] 15.2.1)",pa_therm_join_w6,6,VFU-THERM-S4,THERMOMETER_THRESHOLD,STRUCTURAL_DECLARED,PASS,SYNTHESIZED_AND_VALIDATED,87,0,0,26,13,39,113,187,37,0,5,ACYCLIC,f9fb39ee10ffbf6c8f335e455d55d532a3c0fbc95a2465b05078820c7b2acd22,0,Warning count was parsed from the corresponding synthesis log.
PAH-BUILD002-CONF0001,windows-x64,"Yosys 0.68+120 (git sha1 a34d3baae-dirty, Release, GNU [REDACTED_PATH] 15.2.1)",pa_therm_join_w6,6,VFU-THERM-S4,THERMOMETER_THRESHOLD,STRUCTURAL_OPTIMIZED,PASS,SYNTHESIZED_AND_VALIDATED,64,0,0,26,13,39,90,141,12,0,5,ACYCLIC,41a752de2bc7ce51dfb86cfa3c7d997d18ea70d81557017601d1274cf538a8ec,1,Warning count was parsed from the corresponding synthesis log.
PAH-BUILD002-CONF0001,windows-x64,"Yosys 0.68+120 (git sha1 a34d3baae-dirty, Release, GNU [REDACTED_PATH] 15.2.1)",pa_therm_meet_w6,6,VFU-THERM-S4,THERMOMETER_THRESHOLD,STRUCTURAL_DECLARED,PASS,SYNTHESIZED_AND_VALIDATED,122,0,0,26,13,39,148,257,37,0,6,ACYCLIC,14910727f1b7fb4cf7338400110a9c97bb33b34e57e68cc0a17ca305ad654b32,0,Warning count was parsed from the corresponding synthesis log.
PAH-BUILD002-CONF0001,windows-x64,"Yosys 0.68+120 (git sha1 a34d3baae-dirty, Release, GNU [REDACTED_PATH] 15.2.1)",pa_therm_meet_w6,6,VFU-THERM-S4,THERMOMETER_THRESHOLD,STRUCTURAL_OPTIMIZED,PASS,SYNTHESIZED_AND_VALIDATED,76,0,0,26,13,39,102,165,13,0,5,ACYCLIC,901c0af82a3d86a3e383504c8dc92656dfce27abe16fd32ef8ee6e4a921d58cb,1,Warning count was parsed from the corresponding synthesis log.
PAH-BUILD002-CONF0001,windows-x64,"Yosys 0.68+120 (git sha1 a34d3baae-dirty, Release, GNU [REDACTED_PATH] 15.2.1)",pa_therm_to_bin_w6,6,REPRESENTATION-ADAPTER-S4,THERMOMETER_TO_BINARY_EXPONENT,STRUCTURAL_DECLARED,PASS,SYNTHESIZED_AND_VALIDATED,319,0,0,12,10,22,331,648,84,0,34,ACYCLIC,fe332ff4c874774ff5ca6f8259ff655aa696fdc9729eb61d2abccce0f85eb03d,0,Warning count was parsed from the corresponding synthesis log.
PAH-BUILD002-CONF0001,windows-x64,"Yosys 0.68+120 (git sha1 a34d3baae-dirty, Release, GNU [REDACTED_PATH] 15.2.1)",pa_therm_to_bin_w6,6,REPRESENTATION-ADAPTER-S4,THERMOMETER_TO_BINARY_EXPONENT,STRUCTURAL_OPTIMIZED,PASS,SYNTHESIZED_AND_VALIDATED,75,0,0,12,10,22,138,160,4,0,15,ACYCLIC,e323ffc147821ed38085aac648865cccb168233d99afafbb26e62be580d75ab5,1,Warning count was parsed from the corresponding synthesis log.
PAH-BUILD002-CONF0001,windows-x64,"Yosys 0.68+120 (git sha1 a34d3baae-dirty, Release, GNU [REDACTED_PATH] 15.2.1)",pa_therm_validate_w6,6,VFU-THERM-S4,THERMOMETER_THRESHOLD,STRUCTURAL_DECLARED,PASS,SYNTHESIZED_AND_VALIDATED,58,0,0,12,1,13,70,117,8,0,18,ACYCLIC,7a266d5ee3eabba15445b6a5d598615dd572a25c68d2b197b04ec78ea38009bb,0,Warning count was parsed from the corresponding synthesis log.
PAH-BUILD002-CONF0001,windows-x64,"Yosys 0.68+120 (git sha1 a34d3baae-dirty, Release, GNU [REDACTED_PATH] 15.2.1)",pa_therm_validate_w6,6,VFU-THERM-S4,THERMOMETER_THRESHOLD,STRUCTURAL_OPTIMIZED,PASS,SYNTHESIZED_AND_VALIDATED,29,0,0,12,1,13,68,59,3,0,8,ACYCLIC,a83b20a663055f179a8ea8463f1d3effaf575560a16d7d1e910c6fcbe03359e1,1,Warning count was parsed from the corresponding synthesis log.
PAH-BUILD002-CONF0001,windows-x64,"Yosys 0.68+120 (git sha1 a34d3baae-dirty, Release, GNU [REDACTED_PATH] 15.2.1)",pa_vsc_query_w6,6,VALUATION-SIDECAR-S4,THRESHOLD_SIDECAR_QUERY,STRUCTURAL_DECLARED,PASS,SYNTHESIZED_AND_VALIDATED,75,0,0,15,2,17,90,152,8,0,22,ACYCLIC,87002fa5a72640142ce4e75e91c553c962c855dbf272387d245d521d441c04b0,0,Warning count was parsed from the corresponding synthesis log.
PAH-BUILD002-CONF0001,windows-x64,"Yosys 0.68+120 (git sha1 a34d3baae-dirty, Release, GNU [REDACTED_PATH] 15.2.1)",pa_vsc_query_w6,6,VALUATION-SIDECAR-S4,THRESHOLD_SIDECAR_QUERY,STRUCTURAL_OPTIMIZED,PASS,SYNTHESIZED_AND_VALIDATED,45,0,0,15,2,17,84,92,4,0,12,ACYCLIC,1a410a71ec341c565af4bc3a881fe38b7a3e415375865b52eb88c81a5dfd8242,1,Warning count was parsed from the corresponding synthesis log.
PAH-BUILD002-CONF0001,windows-x64,"Yosys 0.68+120 (git sha1 a34d3baae-dirty, Release, GNU [REDACTED_PATH] 15.2.1)",pa_bin_add_w8,8,BIN-FU,BINARY_POSITIONAL,STRUCTURAL_DECLARED,PASS,SYNTHESIZED_AND_VALIDATED,107,0,0,16,9,25,123,223,19,0,23,ACYCLIC,e93285cc8b0d7d11b8756e69f5a1e1be8cbfeed9acf5b9818ff45e009be118f9,0,Warning count was parsed from the corresponding synthesis log.
PAH-BUILD002-CONF0001,windows-x64,"Yosys 0.68+120 (git sha1 a34d3baae-dirty, Release, GNU [REDACTED_PATH] 15.2.1)",pa_bin_add_w8,8,BIN-FU,BINARY_POSITIONAL,STRUCTURAL_OPTIMIZED,PASS,SYNTHESIZED_AND_VALIDATED,90,0,0,16,9,25,113,189,4,0,20,ACYCLIC,f057c7bbe32332f65ac3a7fe89c6eaa590a56769dfe90d01cb55cf6234317dc9,1,Warning count was parsed from the corresponding synthesis log.
PAH-BUILD002-CONF0001,windows-x64,"Yosys 0.68+120 (git sha1 a34d3baae-dirty, Release, GNU [REDACTED_PATH] 15.2.1)",pa_bin_compare_w8,8,BIN-FU,BINARY_POSITIONAL,STRUCTURAL_DECLARED,PASS,SYNTHESIZED_AND_VALIDATED,162,0,0,16,2,18,178,326,19,0,23,ACYCLIC,e79be4b6a5c8df81ae975e807840e2dc35c43c9a6b934d462927724bb381eff7,0,Warning count was parsed from the corresponding synthesis log.
PAH-BUILD002-CONF0001,windows-x64,"Yosys 0.68+120 (git sha1 a34d3baae-dirty, Release, GNU [REDACTED_PATH] 15.2.1)",pa_bin_compare_w8,8,BIN-FU,BINARY_POSITIONAL,STRUCTURAL_OPTIMIZED,PASS,SYNTHESIZED_AND_VALIDATED,73,0,0,16,2,18,104,148,3,0,12,ACYCLIC,d9f5e0d88f4076b954533b2a8ee4784877485b469413a09651c933ec0e633902,1,Warning count was parsed from the corresponding synthesis log.
PAH-BUILD002-CONF0001,windows-x64,"Yosys 0.68+120 (git sha1 a34d3baae-dirty, Release, GNU [REDACTED_PATH] 15.2.1)",pa_bin_counter_w8,8,BIN-FU,BINARY_POSITIONAL,STRUCTURAL_DECLARED,PASS,SYNTHESIZED_AND_VALIDATED,72,8,8,3,9,12,83,185,16,0,20,ACYCLIC,490c11d797ee5f4c77d4d718a0fcd4d561dbf22d4a3b37172492a195597cec06,0,Warning count was parsed from the corresponding synthesis log.
PAH-BUILD002-CONF0001,windows-x64,"Yosys 0.68+120 (git sha1 a34d3baae-dirty, Release, GNU [REDACTED_PATH] 15.2.1)",pa_bin_counter_w8,8,BIN-FU,BINARY_POSITIONAL,STRUCTURAL_OPTIMIZED,PASS,SYNTHESIZED_AND_VALIDATED,75,8,8,3,9,12,92,175,8,0,14,ACYCLIC,206add2fa8b0669624964a76e19562f8f493d62305b123bf282c42769a4c8a36,1,Warning count was parsed from the corresponding synthesis log.
PAH-BUILD002-CONF0001,windows-x64,"Yosys 0.68+120 (git sha1 a34d3baae-dirty, Release, GNU [REDACTED_PATH] 15.2.1)",pa_bin_fu_registered_w8,8,BIN-FU,BINARY_POSITIONAL,STRUCTURAL_DECLARED,PASS,SYNTHESIZED_AND_VALIDATED,1869,38,38,22,20,42,1929,3910,225,0,84,ACYCLIC,5d3b442ce257f0a9d720f02c501cb475be9779eb5610146159c6ddb0d7b23a96,0,Warning count was parsed from the corresponding synthesis log.
PAH-BUILD002-CONF0001,windows-x64,"Yosys 0.68+120 (git sha1 a34d3baae-dirty, Release, GNU [REDACTED_PATH] 15.2.1)",pa_bin_fu_registered_w8,8,BIN-FU,BINARY_POSITIONAL,STRUCTURAL_OPTIMIZED,PASS,SYNTHESIZED_AND_VALIDATED,1068,38,38,22,20,42,1588,2232,38,0,78,ACYCLIC,59ba1f4c525629e2e283c98f4857b60d163c10bf9804840ce0c54391c745f611,1,Warning count was parsed from the corresponding synthesis log.
PAH-BUILD002-CONF0001,windows-x64,"Yosys 0.68+120 (git sha1 a34d3baae-dirty, Release, GNU [REDACTED_PATH] 15.2.1)",pa_bin_fu_w8,8,BIN-FU,BINARY_POSITIONAL,STRUCTURAL_DECLARED,PASS,SYNTHESIZED_AND_VALIDATED,1869,0,0,18,20,38,1887,3758,225,0,84,ACYCLIC,701b7f8371fea6c868fc47ebda8d7421805e2bb717241713b51a6fc76e0bccff,0,Warning count was parsed from the corresponding synthesis log.
PAH-BUILD002-CONF0001,windows-x64,"Yosys 0.68+120 (git sha1 a34d3baae-dirty, Release, GNU [REDACTED_PATH] 15.2.1)",pa_bin_fu_w8,8,BIN-FU,BINARY_POSITIONAL,STRUCTURAL_OPTIMIZED,PASS,SYNTHESIZED_AND_VALIDATED,867,0,0,18,20,38,1354,1754,16,0,76,ACYCLIC,c536b53403e99714187f2d99b53c247d3cbc5593d5934b35686538cf52377296,1,Warning count was parsed from the corresponding synthesis log.
PAH-BUILD002-CONF0001,windows-x64,"Yosys 0.68+120 (git sha1 a34d3baae-dirty, Release, GNU [REDACTED_PATH] 15.2.1)",pa_bin_mul_w8,8,BIN-FU,BINARY_POSITIONAL,STRUCTURAL_DECLARED,PASS,SYNTHESIZED_AND_VALIDATED,1280,0,0,16,16,32,1296,2576,176,0,80,ACYCLIC,fe2f9cb62fe3cdeb50002d7aa3ccb444b530f56a2339bde38ef236173cd16258,0,Warning count was parsed from the corresponding synthesis log.
PAH-BUILD002-CONF0001,windows-x64,"Yosys 0.68+120 (git sha1 a34d3baae-dirty, Release, GNU [REDACTED_PATH] 15.2.1)",pa_bin_mul_w8,8,BIN-FU,BINARY_POSITIONAL,STRUCTURAL_OPTIMIZED,PASS,SYNTHESIZED_AND_VALIDATED,639,0,0,16,16,32,983,1294,9,0,75,ACYCLIC,2830cee7bc9744648963af8dc3479f50574ce5506e9475a3dceb34ea24beb947,1,Warning count was parsed from the corresponding synthesis log.
PAH-BUILD002-CONF0001,windows-x64,"Yosys 0.68+120 (git sha1 a34d3baae-dirty, Release, GNU [REDACTED_PATH] 15.2.1)",pa_bin_sub_w8,8,BIN-FU,BINARY_POSITIONAL,STRUCTURAL_DECLARED,PASS,SYNTHESIZED_AND_VALIDATED,107,0,0,16,9,25,123,223,19,0,25,ACYCLIC,337b755eea4f7b9f279a1ea9fc7ff39175d4dad50a2366d589430dde54ca6915,0,Warning count was parsed from the corresponding synthesis log.
PAH-BUILD002-CONF0001,windows-x64,"Yosys 0.68+120 (git sha1 a34d3baae-dirty, Release, GNU [REDACTED_PATH] 15.2.1)",pa_bin_sub_w8,8,BIN-FU,BINARY_POSITIONAL,STRUCTURAL_OPTIMIZED,PASS,SYNTHESIZED_AND_VALIDATED,90,0,0,16,9,25,114,189,4,0,20,ACYCLIC,b6f2fe7f77a2dd5db520234a4f828054612d43ed93a48fe50813ed27037ab389,1,Warning count was parsed from the corresponding synthesis log.
PAH-BUILD002-CONF0001,windows-x64,"Yosys 0.68+120 (git sha1 a34d3baae-dirty, Release, GNU [REDACTED_PATH] 15.2.1)",pa_bin_to_therm_w8,8,REPRESENTATION-ADAPTER-S4,BINARY_EXPONENT_TO_THERMOMETER,STRUCTURAL_DECLARED,PASS,SYNTHESIZED_AND_VALIDATED,1197,0,0,10,18,28,1207,2412,307,0,21,ACYCLIC,fb7b3d9d80cc42278e5a698430a1d66dfef60aa33c11e0143f160ae0ca77f80b,0,Warning count was parsed from the corresponding synthesis log.
PAH-BUILD002-CONF0001,windows-x64,"Yosys 0.68+120 (git sha1 a34d3baae-dirty, Release, GNU [REDACTED_PATH] 15.2.1)",pa_bin_to_therm_w8,8,REPRESENTATION-ADAPTER-S4,BINARY_EXPONENT_TO_THERMOMETER,STRUCTURAL_OPTIMIZED,PASS,SYNTHESIZED_AND_VALIDATED,36,0,0,10,18,28,99,90,5,0,4,ACYCLIC,70fbf56060e51b0585b95e5b119f86eb158ecb5bc5986c3a2907b4c924d743e0,1,Warning count was parsed from the corresponding synthesis log.
PAH-BUILD002-CONF0001,windows-x64,"Yosys 0.68+120 (git sha1 a34d3baae-dirty, Release, GNU [REDACTED_PATH] 15.2.1)",pa_bin_vsc_w8,8,VALUATION-SIDECAR-S4,BINARY_WITH_VALUATION_SIDECAR,STRUCTURAL_DECLARED,PASS,SYNTHESIZED_AND_VALIDATED,15830,0,0,30,29,59,15860,31689,3132,0,287,ACYCLIC,02c66ea3fdf341fe795f50b528fcde1d17a40e15c838e9eef7a8e65cc0bb806d,0,Warning count was parsed from the corresponding synthesis log.
PAH-BUILD002-CONF0001,windows-x64,"Yosys 0.68+120 (git sha1 a34d3baae-dirty, Release, GNU [REDACTED_PATH] 15.2.1)",pa_bin_vsc_w8,8,VALUATION-SIDECAR-S4,BINARY_WITH_VALUATION_SIDECAR,STRUCTURAL_OPTIMIZED,PASS,SYNTHESIZED_AND_VALIDATED,1781,0,0,30,29,59,7682,3591,30,0,37,ACYCLIC,d18b60435a79692be5cba9f49eef51a9795cd42528e53e5729d1d60d3e350fdc,1,Warning count was parsed from the corresponding synthesis log.
PAH-BUILD002-CONF0001,windows-x64,"Yosys 0.68+120 (git sha1 a34d3baae-dirty, Release, GNU [REDACTED_PATH] 15.2.1)",pa_binexp_cancel_w8,8,VFU-BINEXP-S4,BINARY_EXPONENT,STRUCTURAL_DECLARED,PASS,SYNTHESIZED_AND_VALIDATED,446,0,0,22,12,34,468,904,64,0,26,ACYCLIC,cc6c9b49ad0582f84be39630785051117304eb44c45231cc8a39e2bfa8099549,0,Warning count was parsed from the corresponding synthesis log.
PAH-BUILD002-CONF0001,windows-x64,"Yosys 0.68+120 (git sha1 a34d3baae-dirty, Release, GNU [REDACTED_PATH] 15.2.1)",pa_binexp_cancel_w8,8,VFU-BINEXP-S4,BINARY_EXPONENT,STRUCTURAL_OPTIMIZED,PASS,SYNTHESIZED_AND_VALIDATED,152,0,0,22,12,34,188,316,12,0,16,ACYCLIC,64db47c06f1e3d83da27f037d113bf9c20be5b8320d492b2709ea0d9f8f4b232,1,Warning count was parsed from the corresponding synthesis log.
PAH-BUILD002-CONF0001,windows-x64,"Yosys 0.68+120 (git sha1 a34d3baae-dirty, Release, GNU [REDACTED_PATH] 15.2.1)",pa_binexp_checked_compose_w8,8,VFU-BINEXP-S4,BINARY_EXPONENT,STRUCTURAL_DECLARED,PASS,SYNTHESIZED_AND_VALIDATED,539,0,0,30,15,45,569,1093,80,0,27,ACYCLIC,de942910d5c0957b8f2ddbd1105c11baeef23df14d716d1204ad1309ff32a95a,0,Warning count was parsed from the corresponding synthesis log.
PAH-BUILD002-CONF0001,windows-x64,"Yosys 0.68+120 (git sha1 a34d3baae-dirty, Release, GNU [REDACTED_PATH] 15.2.1)",pa_binexp_checked_compose_w8,8,VFU-BINEXP-S4,BINARY_EXPONENT,STRUCTURAL_OPTIMIZED,PASS,SYNTHESIZED_AND_VALIDATED,142,0,0,30,15,45,190,299,14,0,12,ACYCLIC,cc6f857bed1bb086b8762b49c987b11c5b74255d1e6acbf54b1558a24f823709,1,Warning count was parsed from the corresponding synthesis log.
PAH-BUILD002-CONF0001,windows-x64,"Yosys 0.68+120 (git sha1 a34d3baae-dirty, Release, GNU [REDACTED_PATH] 15.2.1)",pa_binexp_compose_w8,8,VFU-BINEXP-S4,BINARY_EXPONENT,STRUCTURAL_DECLARED,PASS,SYNTHESIZED_AND_VALIDATED,506,0,0,22,15,37,528,1027,80,0,26,ACYCLIC,eef1cc3b0dfd09e3e87a72556f14ab7af0be401c15dc5e9f9b75ccf7188d815f,0,Warning count was parsed from the corresponding synthesis log.
PAH-BUILD002-CONF0001,windows-x64,"Yosys 0.68+120 (git sha1 a34d3baae-dirty, Release, GNU [REDACTED_PATH] 15.2.1)",pa_binexp_compose_w8,8,VFU-BINEXP-S4,BINARY_EXPONENT,STRUCTURAL_OPTIMIZED,PASS,SYNTHESIZED_AND_VALIDATED,124,0,0,22,15,37,164,263,13,0,12,ACYCLIC,cec55f1c8c19d0f0ea9f19bba441fdf0e780f26d6a86696a50c850db96986201,1,Warning count was parsed from the corresponding synthesis log.
PAH-BUILD002-CONF0001,windows-x64,"Yosys 0.68+120 (git sha1 a34d3baae-dirty, Release, GNU [REDACTED_PATH] 15.2.1)",pa_binexp_divides_w8,8,VFU-BINEXP-S4,BINARY_EXPONENT,STRUCTURAL_DECLARED,PASS,SYNTHESIZED_AND_VALIDATED,234,0,0,22,1,23,256,469,33,0,25,ACYCLIC,3793382614f1ae0edf5d2d278b0d6cc82df3dcfb5d9a67413a8eb50472e11952,0,Warning count was parsed from the corresponding synthesis log.
PAH-BUILD002-CONF0001,windows-x64,"Yosys 0.68+120 (git sha1 a34d3baae-dirty, Release, GNU [REDACTED_PATH] 15.2.1)",pa_binexp_divides_w8,8,VFU-BINEXP-S4,BINARY_EXPONENT,STRUCTURAL_OPTIMIZED,PASS,SYNTHESIZED_AND_VALIDATED,60,0,0,22,1,23,92,121,3,0,11,ACYCLIC,03971a11050552d9e80203bd13913c2955f6753717029f85debeab341468777c,1,Warning count was parsed from the corresponding synthesis log.
PAH-BUILD002-CONF0001,windows-x64,"Yosys 0.68+120 (git sha1 a34d3baae-dirty, Release, GNU [REDACTED_PATH] 15.2.1)",pa_binexp_join_w8,8,VFU-BINEXP-S4,BINARY_EXPONENT,STRUCTURAL_DECLARED,PASS,SYNTHESIZED_AND_VALIDATED,331,0,0,22,11,33,353,673,32,0,18,ACYCLIC,e79aae4327ef612a39beb7fd437ad6b22b9a3d56f5eab830d0bb0ff3d48cf630,0,Warning count was parsed from the corresponding synthesis log.
PAH-BUILD002-CONF0001,windows-x64,"Yosys 0.68+120 (git sha1 a34d3baae-dirty, Release, GNU [REDACTED_PATH] 15.2.1)",pa_binexp_join_w8,8,VFU-BINEXP-S4,BINARY_EXPONENT,STRUCTURAL_OPTIMIZED,PASS,SYNTHESIZED_AND_VALIDATED,92,0,0,22,11,33,124,195,10,0,11,ACYCLIC,5ef7d785b8616c1948482427ade6f9d80523cd3da17c5502a8345885bf77f8c9,1,Warning count was parsed from the corresponding synthesis log.
PAH-BUILD002-CONF0001,windows-x64,"Yosys 0.68+120 (git sha1 a34d3baae-dirty, Release, GNU [REDACTED_PATH] 15.2.1)",pa_binexp_meet_w8,8,VFU-BINEXP-S4,BINARY_EXPONENT,STRUCTURAL_DECLARED,PASS,SYNTHESIZED_AND_VALIDATED,370,0,0,22,11,33,392,751,32,0,20,ACYCLIC,f241f4e36e31d1a1ef6f5ccdbc6c4fa339bf4c09cc78db6a87e2fb8e826b4224,0,Warning count was parsed from the corresponding synthesis log.
PAH-BUILD002-CONF0001,windows-x64,"Yosys 0.68+120 (git sha1 a34d3baae-dirty, Release, GNU [REDACTED_PATH] 15.2.1)",pa_binexp_meet_w8,8,VFU-BINEXP-S4,BINARY_EXPONENT,STRUCTURAL_OPTIMIZED,PASS,SYNTHESIZED_AND_VALIDATED,105,0,0,22,11,33,137,221,9,0,10,ACYCLIC,35497c800e1371b0c2975476f7789168e1f9718dfbe60a48a92884748187fa16,1,Warning count was parsed from the corresponding synthesis log.
PAH-BUILD002-CONF0001,windows-x64,"Yosys 0.68+120 (git sha1 a34d3baae-dirty, Release, GNU [REDACTED_PATH] 15.2.1)",pa_binexp_power_w8,8,VFU-BINEXP-S4,BINARY_EXPONENT,STRUCTURAL_DECLARED,PASS,SYNTHESIZED_AND_VALIDATED,322,0,0,5,11,16,327,655,68,0,23,ACYCLIC,8390103d6042338a3ccaa4a55117b12d345d73f8429ea636478b91fec6b14fc2,0,Warning count was parsed from the corresponding synthesis log.
PAH-BUILD002-CONF0001,windows-x64,"Yosys 0.68+120 (git sha1 a34d3baae-dirty, Release, GNU [REDACTED_PATH] 15.2.1)",pa_binexp_power_w8,8,VFU-BINEXP-S4,BINARY_EXPONENT,STRUCTURAL_OPTIMIZED,PASS,SYNTHESIZED_AND_VALIDATED,47,0,0,5,11,16,77,105,5,0,10,ACYCLIC,5b3839c391ffd7d83979da04ad0209f1c8191b92ded5c5070b16ac5ff02efffd,1,Warning count was parsed from the corresponding synthesis log.
PAH-BUILD002-CONF0001,windows-x64,"Yosys 0.68+120 (git sha1 a34d3baae-dirty, Release, GNU [REDACTED_PATH] 15.2.1)",pa_binexp_valuation_w8,8,VFU-BINEXP-S4,BINARY_EXPONENT,STRUCTURAL_DECLARED,PASS,SYNTHESIZED_AND_VALIDATED,48,0,0,13,5,18,61,101,18,0,7,ACYCLIC,0b07e0f18f9eb491356ac4d7d1de4238e2ad35b06d7383f42b5eb294b7525b37,0,Warning count was parsed from the corresponding synthesis log.
PAH-BUILD002-CONF0001,windows-x64,"Yosys 0.68+120 (git sha1 a34d3baae-dirty, Release, GNU [REDACTED_PATH] 15.2.1)",pa_binexp_valuation_w8,8,VFU-BINEXP-S4,BINARY_EXPONENT,STRUCTURAL_OPTIMIZED,PASS,SYNTHESIZED_AND_VALIDATED,33,0,0,13,5,18,48,71,7,0,7,ACYCLIC,e59963208be1bca4e1bce1b9f7d9e886e1c316e1dafda363f1ee093b0f4f9125,1,Warning count was parsed from the corresponding synthesis log.
PAH-BUILD002-CONF0001,windows-x64,"Yosys 0.68+120 (git sha1 a34d3baae-dirty, Release, GNU [REDACTED_PATH] 15.2.1)",pa_cold_encode_w8,8,COLD-ENCODER-S4,BINARY_MAGNITUDE_TO_BINARY_EXPONENT,STRUCTURAL_DECLARED,PASS,SYNTHESIZED_AND_VALIDATED,10234,0,0,8,19,27,10242,20487,838,0,269,ACYCLIC,2512f62e2c7d0d16539e8edc174e8240b35306f60ce1a00c0ad32d331d9a0abf,0,Warning count was parsed from the corresponding synthesis log.
PAH-BUILD002-CONF0001,windows-x64,"Yosys 0.68+120 (git sha1 a34d3baae-dirty, Release, GNU [REDACTED_PATH] 15.2.1)",pa_cold_encode_w8,8,COLD-ENCODER-S4,BINARY_MAGNITUDE_TO_BINARY_EXPONENT,STRUCTURAL_OPTIMIZED,PASS,SYNTHESIZED_AND_VALIDATED,632,0,0,8,19,27,5087,1283,31,0,25,ACYCLIC,622e7a56410f0c6bf448e143b1912a6870a5f2d729d3a271378b437e03300cea,1,Warning count was parsed from the corresponding synthesis log.
PAH-BUILD002-CONF0001,windows-x64,"Yosys 0.68+120 (git sha1 a34d3baae-dirty, Release, GNU [REDACTED_PATH] 15.2.1)",pa_therm_compose_w8,8,VFU-THERM-S4,THERMOMETER_THRESHOLD,STRUCTURAL_DECLARED,PASS,SYNTHESIZED_AND_VALIDATED,379,0,0,36,22,58,415,780,54,0,18,ACYCLIC,16487a0f6d875d476445c5115978c38e018cfca6a1cb8a13be52429bbd022425,0,Warning count was parsed from the corresponding synthesis log.
PAH-BUILD002-CONF0001,windows-x64,"Yosys 0.68+120 (git sha1 a34d3baae-dirty, Release, GNU [REDACTED_PATH] 15.2.1)",pa_therm_compose_w8,8,VFU-THERM-S4,THERMOMETER_THRESHOLD,STRUCTURAL_OPTIMIZED,PASS,SYNTHESIZED_AND_VALIDATED,241,0,0,36,22,58,364,504,21,0,10,ACYCLIC,1f854dc37a679e548a2f6fa27c3a6d255b4200bda23e519612d712aafd0fd724,1,Warning count was parsed from the corresponding synthesis log.
PAH-BUILD002-CONF0001,windows-x64,"Yosys 0.68+120 (git sha1 a34d3baae-dirty, Release, GNU [REDACTED_PATH] 15.2.1)",pa_therm_divides_w8,8,VFU-THERM-S4,THERMOMETER_THRESHOLD,STRUCTURAL_DECLARED,PASS,SYNTHESIZED_AND_VALIDATED,74,0,0,36,1,37,110,149,4,0,24,ACYCLIC,cb2d11c4cff2766af4ce8460d4b299d026241e8d48e8eba905ea9ae9faa5b53f,0,Warning count was parsed from the corresponding synthesis log.
PAH-BUILD002-CONF0001,windows-x64,"Yosys 0.68+120 (git sha1 a34d3baae-dirty, Release, GNU [REDACTED_PATH] 15.2.1)",pa_therm_divides_w8,8,VFU-THERM-S4,THERMOMETER_THRESHOLD,STRUCTURAL_OPTIMIZED,PASS,SYNTHESIZED_AND_VALIDATED,70,0,0,36,1,37,106,141,2,0,12,ACYCLIC,d258bd7c629ddd844b733a92dbacd21d161ae559e259e67147fdf4c44ceb855c,1,Warning count was parsed from the corresponding synthesis log.
PAH-BUILD002-CONF0001,windows-x64,"Yosys 0.68+120 (git sha1 a34d3baae-dirty, Release, GNU [REDACTED_PATH] 15.2.1)",pa_therm_join_w8,8,VFU-THERM-S4,THERMOMETER_THRESHOLD,STRUCTURAL_DECLARED,PASS,SYNTHESIZED_AND_VALIDATED,122,0,0,36,18,54,158,262,52,0,5,ACYCLIC,f72945962b749025f04ce0bf0c087a9143ec4b35033eee6e65f6c3c171fc059a,0,Warning count was parsed from the corresponding synthesis log.
PAH-BUILD002-CONF0001,windows-x64,"Yosys 0.68+120 (git sha1 a34d3baae-dirty, Release, GNU [REDACTED_PATH] 15.2.1)",pa_therm_join_w8,8,VFU-THERM-S4,THERMOMETER_THRESHOLD,STRUCTURAL_OPTIMIZED,PASS,SYNTHESIZED_AND_VALIDATED,89,0,0,36,18,54,125,196,17,0,5,ACYCLIC,b0d167568eca3f85ba2e2098413fd9f9ecde9a35f6ff14e5a22c1965516db751,1,Warning count was parsed from the corresponding synthesis log.
PAH-BUILD002-CONF0001,windows-x64,"Yosys 0.68+120 (git sha1 a34d3baae-dirty, Release, GNU [REDACTED_PATH] 15.2.1)",pa_therm_meet_w8,8,VFU-THERM-S4,THERMOMETER_THRESHOLD,STRUCTURAL_DECLARED,PASS,SYNTHESIZED_AND_VALIDATED,172,0,0,36,18,54,208,362,52,0,6,ACYCLIC,10236ce0d242ebee0fd86a267db2aed050a5c85e7c68ff9cd9447b23e75506c9,0,Warning count was parsed from the corresponding synthesis log.
PAH-BUILD002-CONF0001,windows-x64,"Yosys 0.68+120 (git sha1 a34d3baae-dirty, Release, GNU [REDACTED_PATH] 15.2.1)",pa_therm_meet_w8,8,VFU-THERM-S4,THERMOMETER_THRESHOLD,STRUCTURAL_OPTIMIZED,PASS,SYNTHESIZED_AND_VALIDATED,106,0,0,36,18,54,142,230,18,0,5,ACYCLIC,f8b6a66becb69d61ef3333e231dc63f2994d32f07510e632885fdb19047f7323,1,Warning count was parsed from the corresponding synthesis log.
PAH-BUILD002-CONF0001,windows-x64,"Yosys 0.68+120 (git sha1 a34d3baae-dirty, Release, GNU [REDACTED_PATH] 15.2.1)",pa_therm_to_bin_w8,8,REPRESENTATION-ADAPTER-S4,THERMOMETER_TO_BINARY_EXPONENT,STRUCTURAL_DECLARED,PASS,SYNTHESIZED_AND_VALIDATED,502,0,0,17,11,28,519,1015,120,0,46,ACYCLIC,a2628e3229a38f851cedc31c0e65f6eba454c02980118e5a86c5de392b08dce8,0,Warning count was parsed from the corresponding synthesis log.
PAH-BUILD002-CONF0001,windows-x64,"Yosys 0.68+120 (git sha1 a34d3baae-dirty, Release, GNU [REDACTED_PATH] 15.2.1)",pa_therm_to_bin_w8,8,REPRESENTATION-ADAPTER-S4,THERMOMETER_TO_BINARY_EXPONENT,STRUCTURAL_OPTIMIZED,PASS,SYNTHESIZED_AND_VALIDATED,140,0,0,17,11,28,247,291,5,0,21,ACYCLIC,331d5cc6a882a0df58d004bf16b843a3b676e44aefaba9ae9ddb7a232fde5b90,1,Warning count was parsed from the corresponding synthesis log.
PAH-BUILD002-CONF0001,windows-x64,"Yosys 0.68+120 (git sha1 a34d3baae-dirty, Release, GNU [REDACTED_PATH] 15.2.1)",pa_therm_validate_w8,8,VFU-THERM-S4,THERMOMETER_THRESHOLD,STRUCTURAL_DECLARED,PASS,SYNTHESIZED_AND_VALIDATED,88,0,0,17,1,18,105,177,8,0,22,ACYCLIC,b1d28c55c9721ba743d21c7837408d1a62ede813d2b5af705e8669871e9af7c4,0,Warning count was parsed from the corresponding synthesis log.
PAH-BUILD002-CONF0001,windows-x64,"Yosys 0.68+120 (git sha1 a34d3baae-dirty, Release, GNU [REDACTED_PATH] 15.2.1)",pa_therm_validate_w8,8,VFU-THERM-S4,THERMOMETER_THRESHOLD,STRUCTURAL_OPTIMIZED,PASS,SYNTHESIZED_AND_VALIDATED,50,0,0,17,1,18,109,101,3,0,10,ACYCLIC,bcdd5c49eeb9a0facfebd4b9a0f4b76c3815ec8addeab5e207e4870173026738,1,Warning count was parsed from the corresponding synthesis log.
PAH-BUILD002-CONF0001,windows-x64,"Yosys 0.68+120 (git sha1 a34d3baae-dirty, Release, GNU [REDACTED_PATH] 15.2.1)",pa_vsc_query_w8,8,VALUATION-SIDECAR-S4,THRESHOLD_SIDECAR_QUERY,STRUCTURAL_DECLARED,PASS,SYNTHESIZED_AND_VALIDATED,105,0,0,20,2,22,125,212,8,0,26,ACYCLIC,9622e7772aa172a40eec324e1e7c25fd140365db7d606a989caf37737e6a0a9d,0,Warning count was parsed from the corresponding synthesis log.
PAH-BUILD002-CONF0001,windows-x64,"Yosys 0.68+120 (git sha1 a34d3baae-dirty, Release, GNU [REDACTED_PATH] 15.2.1)",pa_vsc_query_w8,8,VALUATION-SIDECAR-S4,THRESHOLD_SIDECAR_QUERY,STRUCTURAL_OPTIMIZED,PASS,SYNTHESIZED_AND_VALIDATED,65,0,0,20,2,22,124,132,4,0,12,ACYCLIC,34eec0c073ed6eee4f25c62e5f66ed75cb56bc44d925045e379c5f6ef33e63cd,1,Warning count was parsed from the corresponding synthesis log.
